﻿-- Скрипт сгенерирован Devart dbForge Studio for MySQL, Версия 6.0.265.0
-- Домашняя страница продукта: http://www.devart.com/ru/dbforge/mysql/studio
-- Дата скрипта: 14.08.2013 17:00:15
-- Версия сервера: 5.5.25
-- Версия клиента: 4.1

-- 
-- Отключение внешних ключей
-- 
/*!40014 SET @OLD_FOREIGN_KEY_CHECKS=@@FOREIGN_KEY_CHECKS, FOREIGN_KEY_CHECKS=0 */;

-- 
-- Установка кодировки, с использованием которой клиент будет посылать запросы на сервер
--
SET NAMES 'utf8';

-- 
-- Установка базы данных по умолчанию
--
USE journal;

--
-- Описание для таблицы attend_case
--
DROP TABLE IF EXISTS attend_case;
CREATE TABLE attend_case (
  att_case_id INT(11) NOT NULL AUTO_INCREMENT,
  title VARCHAR(100) NOT NULL,
  full_case_name VARCHAR(50) NOT NULL,
  respectable TINYINT(1) NOT NULL DEFAULT 0,
  PRIMARY KEY (att_case_id)
)
ENGINE = INNODB
AUTO_INCREMENT = 12
AVG_ROW_LENGTH = 4096
CHARACTER SET utf8
COLLATE utf8_general_ci;

--
-- Описание для таблицы attendance
--
DROP TABLE IF EXISTS attendance;
CREATE TABLE attendance (
  att_id INT(15) NOT NULL AUTO_INCREMENT,
  lesson_id INT(11) NOT NULL,
  student_id INT(11) NOT NULL,
  attend_case INT(11) NOT NULL,
  PRIMARY KEY (att_id),
  CONSTRAINT attendance_ibfk_1 FOREIGN KEY (lesson_id)
    REFERENCES lessons(lesson_id) ON DELETE CASCADE ON UPDATE RESTRICT,
  CONSTRAINT attendance_ibfk_2 FOREIGN KEY (student_id)
    REFERENCES students(student_id) ON DELETE CASCADE ON UPDATE RESTRICT,
  CONSTRAINT FK_attendance_attend_case_att_case_id FOREIGN KEY (attend_case)
    REFERENCES attend_case(att_case_id) ON DELETE CASCADE ON UPDATE RESTRICT
)
ENGINE = INNODB
AUTO_INCREMENT = 1
AVG_ROW_LENGTH = 38
CHARACTER SET utf8
COLLATE utf8_general_ci;

--
-- Описание для таблицы attest
--
DROP TABLE IF EXISTS attest;
CREATE TABLE attest (
  a_id INT(11) NOT NULL AUTO_INCREMENT,
  lesson_id INT(11) NOT NULL,
  student_id INT(11) NOT NULL,
  att_rate VARCHAR(100) NOT NULL,
  PRIMARY KEY (a_id),
  CONSTRAINT attest_ibfk_1 FOREIGN KEY (lesson_id)
    REFERENCES lessons(lesson_id) ON DELETE CASCADE ON UPDATE RESTRICT,
  CONSTRAINT attest_ibfk_2 FOREIGN KEY (student_id)
    REFERENCES students(student_id) ON DELETE CASCADE ON UPDATE RESTRICT
)
ENGINE = INNODB
AUTO_INCREMENT = 1
AVG_ROW_LENGTH = 84
CHARACTER SET utf8
COLLATE utf8_general_ci;

--
-- Описание для таблицы discipline_lessons
--
DROP TABLE IF EXISTS discipline_lessons;
CREATE TABLE discipline_lessons (
  id INT(15) NOT NULL AUTO_INCREMENT,
  discipline_id INT(11) NOT NULL,
  lesson_id INT(11) NOT NULL,
  PRIMARY KEY (id),
  CONSTRAINT discipline_lessons_ibfk_1 FOREIGN KEY (discipline_id)
    REFERENCES disciplines(discipline_id) ON DELETE CASCADE ON UPDATE RESTRICT,
  CONSTRAINT discipline_lessons_ibfk_2 FOREIGN KEY (lesson_id)
    REFERENCES lessons(lesson_id) ON DELETE CASCADE ON UPDATE RESTRICT
)
ENGINE = INNODB
AUTO_INCREMENT = 1
CHARACTER SET utf8
COLLATE utf8_general_ci;

--
-- Описание для таблицы disciplines
--
DROP TABLE IF EXISTS disciplines;
CREATE TABLE disciplines (
  discipline_id INT(11) NOT NULL AUTO_INCREMENT,
  title VARCHAR(300) NOT NULL,
  PRIMARY KEY (discipline_id)
)
ENGINE = INNODB
AUTO_INCREMENT = 370
AVG_ROW_LENGTH = 87
CHARACTER SET utf8
COLLATE utf8_general_ci;

--
-- Описание для таблицы education_periods
--
DROP TABLE IF EXISTS education_periods;
CREATE TABLE education_periods (
  education_period_id INT(15) NOT NULL AUTO_INCREMENT,
  semestr_number INT(11) NOT NULL,
  year INT(11) NOT NULL,
  PRIMARY KEY (education_period_id),
  UNIQUE INDEX semestr_number (semestr_number)
)
ENGINE = INNODB
AUTO_INCREMENT = 110
AVG_ROW_LENGTH = 8192
CHARACTER SET utf8
COLLATE utf8_general_ci;

--
-- Описание для таблицы final_grades
--
DROP TABLE IF EXISTS final_grades;
CREATE TABLE final_grades (
  final_grade_id INT(15) NOT NULL AUTO_INCREMENT,
  group_id INT(11) NOT NULL,
  student_id INT(11) NOT NULL,
  semestr INT(2) NOT NULL,
  disc_id INT(11) NOT NULL,
  last_change_time TIMESTAMP DEFAULT CURRENT_TIMESTAMP,
  rate INT(2) DEFAULT NULL,
  zach TINYINT(1) DEFAULT NULL,
  rate_type ENUM('zach','dif_zach','grade') NOT NULL,
  variant ENUM('ekz_zach','sem_itog','year_itog') NOT NULL,
  PRIMARY KEY (final_grade_id),
  CONSTRAINT final_grades_ibfk_1 FOREIGN KEY (group_id)
    REFERENCES groups(group_id) ON DELETE CASCADE ON UPDATE RESTRICT,
  CONSTRAINT final_grades_ibfk_2 FOREIGN KEY (disc_id)
    REFERENCES disciplines(discipline_id) ON DELETE CASCADE ON UPDATE RESTRICT,
  CONSTRAINT final_grades_ibfk_3 FOREIGN KEY (student_id)
    REFERENCES students(student_id) ON DELETE CASCADE ON UPDATE RESTRICT
)
ENGINE = INNODB
AUTO_INCREMENT = 1
AVG_ROW_LENGTH = 83
CHARACTER SET utf8
COLLATE utf8_general_ci;

--
-- Описание для таблицы grades
--
DROP TABLE IF EXISTS grades;
CREATE TABLE grades (
  grade_id INT(15) NOT NULL AUTO_INCREMENT,
  lesson_id INT(11) NOT NULL,
  student_id INT(11) NOT NULL,
  grade_number INT(11) NOT NULL,
  rate INT(11) NOT NULL,
  rate_description VARCHAR(300) NOT NULL DEFAULT '',
  last_change_time TIMESTAMP DEFAULT CURRENT_TIMESTAMP,
  PRIMARY KEY (grade_id),
  CONSTRAINT grades_ibfk_1 FOREIGN KEY (lesson_id)
    REFERENCES lessons(lesson_id) ON DELETE CASCADE ON UPDATE RESTRICT,
  CONSTRAINT grades_ibfk_2 FOREIGN KEY (student_id)
    REFERENCES students(student_id) ON DELETE CASCADE ON UPDATE RESTRICT
)
ENGINE = INNODB
AUTO_INCREMENT = 1
AVG_ROW_LENGTH = 136
CHARACTER SET utf8
COLLATE utf8_general_ci;

--
-- Описание для таблицы groups
--
DROP TABLE IF EXISTS groups;
CREATE TABLE groups (
  group_id INT(11) NOT NULL AUTO_INCREMENT,
  literal VARCHAR(255) NOT NULL,
  spec_id INT(11) NOT NULL,
  PRIMARY KEY (group_id),
  CONSTRAINT groups_ibfk_1 FOREIGN KEY (spec_id)
    REFERENCES specs(spec_id) ON DELETE CASCADE ON UPDATE RESTRICT
)
ENGINE = INNODB
AUTO_INCREMENT = 33
AVG_ROW_LENGTH = 512
CHARACTER SET utf8
COLLATE utf8_general_ci;

--
-- Описание для таблицы kontingent_motion
--
DROP TABLE IF EXISTS kontingent_motion;
CREATE TABLE kontingent_motion (
  kont_id INT(11) NOT NULL AUTO_INCREMENT,
  motion_date DATE NOT NULL,
  student_id INT(11) NOT NULL,
  group_id INT(11) DEFAULT NULL,
  order_number VARCHAR(100) NOT NULL,
  PRIMARY KEY (kont_id),
  CONSTRAINT kontingent_motion_ibfk_1 FOREIGN KEY (student_id)
    REFERENCES students(student_id) ON DELETE CASCADE ON UPDATE RESTRICT,
  CONSTRAINT kontingent_motion_ibfk_2 FOREIGN KEY (group_id)
    REFERENCES groups(group_id) ON DELETE CASCADE ON UPDATE RESTRICT
)
ENGINE = INNODB
AUTO_INCREMENT = 1
AVG_ROW_LENGTH = 121
CHARACTER SET utf8
COLLATE utf8_general_ci;

--
-- Описание для таблицы lessons
--
DROP TABLE IF EXISTS lessons;
CREATE TABLE lessons (
  lesson_id INT(11) NOT NULL AUTO_INCREMENT,
  lesson_date DATE NOT NULL,
  theme VARCHAR(300) NOT NULL DEFAULT '',
  homework VARCHAR(1000) NOT NULL DEFAULT '',
  group_id INT(11) NOT NULL,
  att TINYINT(1) NOT NULL,
  lesson_type INT(11) DEFAULT NULL,
  discipline_id INT(11) NOT NULL,
  PRIMARY KEY (lesson_id),
  CONSTRAINT disc_ibfk_1 FOREIGN KEY (discipline_id)
    REFERENCES disciplines(discipline_id) ON DELETE CASCADE ON UPDATE RESTRICT,
  CONSTRAINT lessons_ibfk_10 FOREIGN KEY (group_id)
    REFERENCES groups(group_id) ON DELETE CASCADE ON UPDATE RESTRICT,
  CONSTRAINT lessons_type_ibfk FOREIGN KEY (lesson_type)
    REFERENCES lessons_types(lessons_type_id) ON DELETE CASCADE ON UPDATE RESTRICT
)
ENGINE = INNODB
AUTO_INCREMENT = 177
AVG_ROW_LENGTH = 387
CHARACTER SET utf8
COLLATE utf8_general_ci;

--
-- Описание для таблицы lessons_types
--
DROP TABLE IF EXISTS lessons_types;
CREATE TABLE lessons_types (
  lessons_type_id INT(11) NOT NULL AUTO_INCREMENT,
  title VARCHAR(100) NOT NULL,
  PRIMARY KEY (lessons_type_id)
)
ENGINE = INNODB
AUTO_INCREMENT = 6
AVG_ROW_LENGTH = 4096
CHARACTER SET utf8
COLLATE utf8_general_ci;

--
-- Описание для таблицы nagr
--
DROP TABLE IF EXISTS nagr;
CREATE TABLE nagr (
  nag_id INT(15) NOT NULL AUTO_INCREMENT,
  prepod_id INT(11) NOT NULL,
  group_id INT(11) NOT NULL,
  discipline_id INT(11) NOT NULL,
  semestr INT(11) NOT NULL,
  PRIMARY KEY (nag_id),
  UNIQUE INDEX discipline_id (discipline_id, group_id, semestr, prepod_id),
  INDEX nagr_ibfk_1 (prepod_id),
  INDEX nagr_ibfk_2 (group_id),
  INDEX nagr_ibfk_3 (discipline_id),
  CONSTRAINT nagr_disc_ibfk_1 FOREIGN KEY (discipline_id)
    REFERENCES disciplines(discipline_id) ON DELETE CASCADE ON UPDATE RESTRICT,
  CONSTRAINT nagr_group_ibfk_1 FOREIGN KEY (group_id)
    REFERENCES groups(group_id) ON DELETE CASCADE ON UPDATE RESTRICT,
  CONSTRAINT nagr_prepod_ibfk_1 FOREIGN KEY (prepod_id)
    REFERENCES prepods(prepod_id) ON DELETE CASCADE ON UPDATE RESTRICT
)
ENGINE = INNODB
AUTO_INCREMENT = 1
AVG_ROW_LENGTH = 52
CHARACTER SET utf8
COLLATE utf8_general_ci;

--
-- Описание для таблицы prepods
--
DROP TABLE IF EXISTS prepods;
CREATE TABLE prepods (
  prepod_id INT(11) NOT NULL AUTO_INCREMENT,
  surname VARCHAR(255) NOT NULL,
  name VARCHAR(255) NOT NULL,
  patronymic VARCHAR(255) NOT NULL,
  login VARCHAR(100) DEFAULT NULL,
  pass BLOB DEFAULT NULL,
  PRIMARY KEY (prepod_id)
)
ENGINE = INNODB
AUTO_INCREMENT = 238
AVG_ROW_LENGTH = 153
CHARACTER SET utf8
COLLATE utf8_general_ci;

--
-- Описание для таблицы prepods_lessons
--
DROP TABLE IF EXISTS prepods_lessons;
CREATE TABLE prepods_lessons (
  id INT(15) NOT NULL AUTO_INCREMENT,
  prepod_id INT(11) NOT NULL,
  lesson_id INT(11) NOT NULL,
  PRIMARY KEY (id),
  CONSTRAINT prepods_lessons_ibfk_1 FOREIGN KEY (prepod_id)
    REFERENCES prepods(prepod_id) ON DELETE CASCADE ON UPDATE RESTRICT,
  CONSTRAINT prepods_lessons_ibfk_2 FOREIGN KEY (lesson_id)
    REFERENCES lessons(lesson_id) ON DELETE CASCADE ON UPDATE RESTRICT
)
ENGINE = INNODB
AUTO_INCREMENT = 1
AVG_ROW_LENGTH = 112
CHARACTER SET utf8
COLLATE utf8_general_ci;

--
-- Описание для таблицы rup
--
DROP TABLE IF EXISTS rup;
CREATE TABLE rup (
  RUP_id INT(11) NOT NULL AUTO_INCREMENT,
  spec_id INT(11) NOT NULL,
  semestr INT(11) NOT NULL,
  discipline_id INT(11) NOT NULL,
  PRIMARY KEY (RUP_id),
  UNIQUE INDEX rup_primary (spec_id, semestr, discipline_id),
  CONSTRAINT RUP_ibfk_1 FOREIGN KEY (spec_id)
    REFERENCES specs(spec_id) ON DELETE CASCADE ON UPDATE RESTRICT,
  CONSTRAINT RUP_ibfk_2 FOREIGN KEY (discipline_id)
    REFERENCES disciplines(discipline_id) ON DELETE CASCADE ON UPDATE RESTRICT
)
ENGINE = INNODB
AUTO_INCREMENT = 1
CHARACTER SET utf8
COLLATE utf8_general_ci;

--
-- Описание для таблицы specs
--
DROP TABLE IF EXISTS specs;
CREATE TABLE specs (
  spec_id INT(11) NOT NULL AUTO_INCREMENT,
  kod_spec VARCHAR(255) NOT NULL,
  title VARCHAR(500) NOT NULL,
  PRIMARY KEY (spec_id)
)
ENGINE = INNODB
AUTO_INCREMENT = 20
AVG_ROW_LENGTH = 862
CHARACTER SET utf8
COLLATE utf8_general_ci;

--
-- Описание для таблицы students
--
DROP TABLE IF EXISTS students;
CREATE TABLE students (
  student_id INT(11) NOT NULL AUTO_INCREMENT,
  surname VARCHAR(255) NOT NULL,
  name VARCHAR(255) NOT NULL,
  patronymic VARCHAR(255) NOT NULL,
  PRIMARY KEY (student_id)
)
ENGINE = INNODB
AUTO_INCREMENT = 1
AVG_ROW_LENGTH = 134
CHARACTER SET utf8
COLLATE utf8_general_ci;

--
-- Описание для таблицы subgroup_kontingent
--
DROP TABLE IF EXISTS subgroup_kontingent;
CREATE TABLE subgroup_kontingent (
  subgroup_kontingent_id INT(11) NOT NULL AUTO_INCREMENT,
  subgroup_id INT(11) NOT NULL,
  student_id INT(11) NOT NULL,
  PRIMARY KEY (subgroup_kontingent_id),
  CONSTRAINT students_sub_1 FOREIGN KEY (student_id)
    REFERENCES students(student_id) ON DELETE CASCADE ON UPDATE RESTRICT,
  CONSTRAINT subgroup_ibfk_1 FOREIGN KEY (subgroup_id)
    REFERENCES subgroups(subgroup_id) ON DELETE CASCADE ON UPDATE RESTRICT
)
ENGINE = INNODB
AUTO_INCREMENT = 1
AVG_ROW_LENGTH = 356
CHARACTER SET utf8
COLLATE utf8_general_ci;

--
-- Описание для таблицы subgroups
--
DROP TABLE IF EXISTS subgroups;
CREATE TABLE subgroups (
  subgroup_id INT(11) NOT NULL AUTO_INCREMENT,
  group_id INT(11) NOT NULL,
  subgroup_number ENUM('1','2','3') NOT NULL,
  discipline_id INT(11) NOT NULL,
  PRIMARY KEY (subgroup_id),
  CONSTRAINT disciplines_ibfk_1 FOREIGN KEY (discipline_id)
    REFERENCES disciplines(discipline_id) ON DELETE CASCADE ON UPDATE RESTRICT,
  CONSTRAINT group_1 FOREIGN KEY (group_id)
    REFERENCES groups(group_id) ON DELETE CASCADE ON UPDATE RESTRICT
)
ENGINE = INNODB
AUTO_INCREMENT = 8
AVG_ROW_LENGTH = 2730
CHARACTER SET utf8
COLLATE utf8_general_ci;

--
-- Описание для таблицы users
--
DROP TABLE IF EXISTS users;
CREATE TABLE users (
  user_id INT(11) NOT NULL AUTO_INCREMENT,
  login VARCHAR(100) NOT NULL,
  user_role ENUM('SA','A','ZavUch') NOT NULL,
  pass BLOB NOT NULL,
  PRIMARY KEY (user_id)
)
ENGINE = INNODB
AUTO_INCREMENT = 68
AVG_ROW_LENGTH = 4096
CHARACTER SET utf8
COLLATE utf8_general_ci;

-- 
-- Вывод данных для таблицы attend_case
--
INSERT INTO attend_case(att_case_id, title, full_case_name, respectable) VALUES
(8, 'ОП', 'освобождение по приказу', 1),
(9, 'ОЗ', 'освобождение по заявлению', 1),
(10, 'ОС', 'освобождение по справке', 1),
(11, 'н/о', 'не освобожден', 0);

-- 
-- Вывод данных для таблицы attendance
--

-- Таблица journal.attendance не содержит данных

-- 
-- Вывод данных для таблицы attest
--

-- Таблица journal.attest не содержит данных

-- 
-- Вывод данных для таблицы discipline_lessons
--

-- Таблица journal.discipline_lessons не содержит данных

-- 
-- Вывод данных для таблицы disciplines
--
INSERT INTO disciplines(discipline_id, title) VALUES
(85, 'литература'),
(86, 'информатика'),
(87, 'математика'),
(88, 'физика'),
(89, 'химия'),
(90, 'МХК'),
(91, 'история'),
(92, 'экология'),
(93, 'русский язык и культура речи'),
(94, 'французский язык'),
(95, 'англ.яз.'),
(96, 'технология'),
(97, 'физ.культура'),
(98, 'география'),
(99, 'русский язык'),
(100, 'прир. и экол. родн.края'),
(101, 'исторю пед-ки'),
(102, 'обществознание'),
(103, 'биология'),
(104, 'ОБЖ'),
(105, 'право'),
(106, 'основы экономики'),
(107, 'англ.яз. (перевод)'),
(108, 'англ.яз. (баз.)'),
(109, 'англ.яз. (чтение)'),
(110, 'С/К по страноведению'),
(111, 'С/К по аудированию'),
(112, 'подготовка к ЕГЭ'),
(113, 'англ. яз. (письмо)'),
(114, 'немецкий язык'),
(115, 'введ. в спец.'),
(116, 'геогр. Ирк. обл.'),
(117, 'детская литература'),
(118, 'МП рус.языка'),
(119, 'ритмика с МП'),
(120, 'ТОМ с мет.преп.'),
(121, 'теор.осн.орг.обуч.'),
(122, 'психология'),
(123, 'естествозн. с МП'),
(124, 'введ.в иск.танца'),
(125, 'осн. педагогики и гигиены'),
(126, 'практ.по худ. обр.'),
(127, 'практ.по соверш. двиг. У и Н'),
(128, 'ТиМ физ.воспит.'),
(129, 'мед.-биол. и соц. осн. здор.'),
(130, 'теор. осн. прод.видов деят.'),
(131, 'теор.осн.орг.обуч. в разн.груп'),
(132, 'ТиМ музык.развит.'),
(133, 'ТиМ физ.воспит.и развит.'),
(134, 'ТиМ осн.эколог.обр.дошк.'),
(135, 'разр., внедр. и адапт.обр.ПО'),
(136, 'дискр.матем.'),
(137, 'архит. ЭВМ и ПК'),
(138, 'опер.системы и среды'),
(139, 'обр.отр.информ.'),
(140, 'осн.теориии информ.'),
(141, 'подгот.педаг.ДО'),
(142, 'МП по прогр.ДО'),
(143, 'русс. язык и реч. культур'),
(144, 'мет.раб. с твор.объедин.'),
(145, 'анатомия'),
(146, 'лыжный спорт'),
(147, 'педагогика'),
(148, 'физиология'),
(149, 'ОМЗ'),
(150, 'легкая атлетика'),
(151, 'ОСТ'),
(152, 'истор.Отеч.'),
(153, 'НОТП'),
(154, 'гимнаст. с МП'),
(155, 'баск. с МП'),
(156, 'архивовед.'),
(157, 'БЖД'),
(158, 'ТСУ в офисе'),
(159, 'англ.яз. (проф)'),
(160, 'эколог.осн.природопольз.'),
(161, 'ИКТ в док.об.'),
(162, 'базы данных'),
(163, 'комп.обраб.док.'),
(164, 'ПО'),
(165, 'прав.обеспеч.проф.деят.'),
(166, 'управление персоналом'),
(167, 'орг.проектир.'),
(168, 'МП математики'),
(169, 'мет.матем.развит.'),
(170, 'ТиМ тур.работ'),
(171, 'детск. лит-ра с практ.'),
(172, 'плавание с МП'),
(173, 'психологические игры'),
(174, 'туризм с МП'),
(175, 'техн. и такт. туризма'),
(176, 'ТОМ'),
(177, 'дошк. пед-ка'),
(178, 'волейбол с МП'),
(179, 'мет.ФВ и развит.'),
(180, 'кор. пед-ка'),
(181, 'коррек.и спец.педагогика'),
(182, 'МП технологии'),
(183, 'осн. топ.и орг.'),
(184, 'спорт.метрология'),
(185, 'ИЗО с МП'),
(186, 'педаг.раннего возр.'),
(187, 'мет.развит.речи'),
(188, 'практ.по худ.труду'),
(189, 'ПО  ЭВМ'),
(190, 'комп. моделир.'),
(191, 'ППРЗ'),
(192, 'программирование'),
(193, 'психология раннего разв.'),
(194, 'осн. перин. педаг.'),
(195, 'психология ран.возр.'),
(196, 'ИКТ в образ.'),
(197, 'практ.по ручн.труду'),
(198, 'осн.спец.пед. и спец.психол.'),
(199, 'осн.спец. психологии'),
(200, 'социальная психология'),
(201, 'мет. и техн. раб.соц. педагога'),
(202, 'комп.техн. в психол.'),
(203, 'система доп.образ.'),
(204, 'соц.педагогика'),
(205, 'основы упр.деят.'),
(206, 'технол. режис.'),
(207, 'психол. консульт.'),
(208, 'осн. прев. психологии'),
(209, 'психодиагностика'),
(210, 'основы спец.психол.'),
(211, 'искусство (МХК)'),
(212, 'естествознание'),
(213, 'основы философии'),
(214, 'мет.экол.образ.'),
(215, 'мет.постан.дет.сюж.танца'),
(216, 'менеджмент'),
(217, 'мет.препод.обществозн.'),
(218, 'эконом. образоват.учреждения'),
(219, 'МП иностр.языка'),
(220, 'дет.литер.стран изуч.языка'),
(221, 'дет. бальн. танец'),
(222, 'мет.развит.детс.изотвор.'),
(223, 'орг.хореогр.работы'),
(224, 'сцен.оформл.дет.сюжет.танца'),
(225, 'мет.обуч. дошк.физич.упр.'),
(226, 'рус.язык и дел.док.'),
(227, 'психология материнства'),
(228, 'мет.использ. ТСО и ЭВТ'),
(229, 'имидж и проф.карьера'),
(230, 'имидж и проф.карьера с практик'),
(231, 'мет.разв.дет.речи с практ.'),
(232, 'орг.физ.-оздор.работ в ДОУ'),
(233, 'числен. методы'),
(234, 'теор. вероятн. и матем.стат.'),
(235, 'осн. теор.вероят.матем.стат.'),
(236, 'музеи и муз.компл.'),
(237, 'информац.системы'),
(238, 'комп.сети и ПО'),
(239, 'информац. безоп.'),
(240, 'использ.докум.сист.'),
(241, 'информ.сист. в проф.деят.'),
(242, 'гос. вед.архивы'),
(243, 'памят.ист.и культ.'),
(244, 'правов.регул.управ.деят.'),
(245, 'истор. Ирк. обл.'),
(246, 'практ.по реш.шк. задач'),
(247, 'мет.и техн.работы пед.-орг.'),
(248, 'мет.информатики'),
(249, 'мет.орг.физ.-озд.раб. в ДОУ'),
(250, 'мет.обуч. дошк.физич.упр.(б/б)'),
(251, 'Информатика и ИКТ'),
(252, 'русский язык с МП'),
(253, 'подвижные игры'),
(254, 'Планир.воспит.процес.'),
(255, 'док обесп. управл.'),
(256, 'осн.исслед. деят.'),
(257, 'орг. хран., консерв. и реставр'),
(258, 'Возр. анат., физиол.и гигиена'),
(259, 'Информатика с МП'),
(260, 'практикум по суд-ву'),
(261, 'основы УИДС'),
(262, 'лыжн.подг.с МП'),
(263, 'ПФСС'),
(264, 'Т и М разв.речи'),
(265, 'осн.пед.маст-ва'),
(266, 'орг. физк.-озд.раб.'),
(267, 'лапта с МП'),
(268, 'муз.-ритм.воспит.'),
(269, 'ансамбль'),
(270, 'осн.клас.танца'),
(271, 'введ.в иск-во тан.'),
(272, 'введ. в психол.'),
(273, 'психол.-пед.практ.'),
(274, 'теор.осн.сод.ДО'),
(275, 'психол.общен.'),
(276, 'ТиМ эколог.образ.'),
(277, 'психол.общ.детей с практ.'),
(278, 'осн.орг.внеур.раб.'),
(279, 'легкая атлет. с МП'),
(280, 'норм.-прав.обесп.тур-зма'),
(281, 'комп.сети, инт. и мульт.'),
(282, 'ТиМ худ-го образ.детей'),
(283, 'подг.пед-га ДО в обл.изо'),
(284, 'изобраз.деят-сть'),
(285, 'мет.обуч. предм.ФК'),
(286, 'програм.обесп.'),
(287, 'прогр. обесп. ЭВМ'),
(288, 'основы права'),
(289, 'осн.потреб.знан.'),
(290, 'имидж и эт.дел.чел.'),
(291, 'Ти Пр. общения'),
(292, 'психол.спорта'),
(293, 'психол.семьи'),
(294, 'психол.УПД и ПРО'),
(295, 'рус.язык и КР'),
(296, 'метод. обуч. инф-ке'),
(297, 'ТСО с мет.прим.в УВП'),
(298, 'управл.кач-вом'),
(299, 'гос.регул.экон.'),
(300, 'упр.и экон. архив.'),
(301, 'озн.курс по наст.игр.'),
(302, 'футб. с МП'),
(303, 'нов.виды.физ.-сп. зан.'),
(304, 'гиг. ФК и спорта'),
(305, 'врач.контр., ЛФК, мас.'),
(306, 'управл.проект.'),
(307, 'ТиМ муз.восп.'),
(308, 'музыка'),
(309, 'мет.муз.разв.'),
(310, 'музыка с МП'),
(311, 'мет.организ.досуг.мер.'),
(312, 'спорт.игры'),
(313, 'осн.самопозн.и саморазв.'),
(314, 'ДП истор.и совр-сть'),
(315, 'мет.разв.творч.вообр.'),
(316, 'ТиМ физ.восп.и спорта'),
(317, 'осн.педиатр. и гиг.'),
(318, 'ест.с МП и экол.восп.'),
(319, 'ТиМ осн.орг.игр.деят'),
(320, 'ТиМ осн.труд.деят.дет.'),
(321, 'ТиМ ФВ с практ.'),
(322, 'ТиМ осн.орг.прод.вид.деят.дошк'),
(323, 'ТиМ основы деят.кл.рук.'),
(324, 'Интернет-программирование'),
(325, 'Основы локальных сетей'),
(326, 'Биомеханика'),
(327, 'План-ие орг.обр.проц.в ДОУ'),
(328, 'психология игры'),
(329, 'Использование ДС и БД'),
(330, 'Сопровождение и продвижение ПО'),
(331, 'Практикум по каллиграфии'),
(332, 'Атлетическая гимнастика'),
(333, 'биохимия'),
(334, 'технология народных промыслов'),
(335, 'Методика препод-я по программам ДО в области ИЗО'),
(336, 'методика обуч. прод. видам деят.'),
(337, 'Теория и методика муз. воспит. с пр.'),
(338, 'Техн. режиссуры культ-досуг. мероприятий'),
(339, 'Народное муз. творчество Сибири'),
(340, 'ДП НОТП'),
(341, 'Психокоррекция и психоразв.'),
(342, 'методика развития воображения'),
(343, 'Доп. образ. детей история и соврем.'),
(344, 'концертв-во подг. пед. ДО'),
(345, 'ТиМ основы обучения в начальной школе'),
(346, 'Стандарты и прогр. продукты'),
(347, 'фитнес-аэробика'),
(348, 'норм. прав.основы соц-пед. деят-ти'),
(349, 'ДП основы ВНД'),
(350, 'деловой этикет'),
(351, 'орг. защиты информации'),
(352, 'кадровая документация'),
(353, 'лыжные гонки'),
(354, 'история ФК'),
(355, 'ОПМ тренера'),
(356, 'ТиМ матем. развития'),
(357, 'танцы народов Сибири'),
(358, 'методика работы с твор. объедин'),
(359, 'народный фольклорный танец'),
(360, 'подг. пед-га ДО в обл. хор.'),
(361, 'матер-технич. обеспечение ФК'),
(362, 'подг. пед-га ДО Классич. танец, композиция'),
(363, 'Спорт. бальный танец'),
(364, 'осн. народного танца и его комп.'),
(365, 'конц-во народ. фольк. танец'),
(366, 'теория и практика тех.творчества'),
(367, 'искусство презентации'),
(368, 'конц-во гимнаст'),
(369, 'конц-во основы нар. т. и его комп.');

-- 
-- Вывод данных для таблицы education_periods
--
INSERT INTO education_periods(education_period_id, semestr_number, year) VALUES
(106, 2, 2014),
(109, 1, 2013);

-- 
-- Вывод данных для таблицы final_grades
--

-- Таблица journal.final_grades не содержит данных

-- 
-- Вывод данных для таблицы grades
--

-- Таблица journal.grades не содержит данных

-- 
-- Вывод данных для таблицы groups
--
INSERT INTO groups(group_id, literal, spec_id) VALUES
(1, '297Ф(база 9 классов)', 3),
(2, '194П(база 9 классов)', 18),
(3, '31Н/Ф(база 11 классов)', 19),
(4, '497Ф(база 9 классов)', 3),
(5, '192Д(база 9 классов)', 2),
(6, '391Н(база 9 классов)', 1),
(7, '190А(база 9 классов)', 17),
(8, '11Н(база 11 классов)', 1),
(9, '24П(база 11 классов)', 18),
(10, '2 ПК (база 9 классов)', 10),
(11, '197Ф(база 9 классов)', 3),
(12, '30А(база 11 классов)', 17),
(13, '22Д(база 11 классов)', 2),
(14, '198Ф(база 9 классов)', 3),
(15, '32Д/К(база 11 классов)', 4),
(16, '191Н(база 9 классов)', 1),
(17, '195А(база 9 классов)', 17),
(18, '291Н(база 9 классов)', 1),
(19, '23К(база 11 классов)', 11),
(20, '296Н(база 9 классов)', 1),
(21, '590С(база 9 классов)', 5),
(22, '32Д', 2),
(23, '25 И/Р (база 11 классов)', 14),
(24, '294П(база 9 классов)', 18),
(25, '21Н(база 11 классов)', 1),
(26, '392Д(база 9 классов)', 2),
(27, '196Н(база 9 классов)', 1),
(28, '397Ф(база 9 классов)', 3),
(29, '17Ф(база 11 классов)', 3),
(30, '292Д(база 9 классов)', 2),
(31, '12Д ', 2),
(32, '13К', 14);

-- 
-- Вывод данных для таблицы kontingent_motion
--

-- Таблица journal.kontingent_motion не содержит данных

-- 
-- Вывод данных для таблицы lessons
--
INSERT INTO lessons(lesson_id, lesson_date, theme, homework, group_id, att, lesson_type, discipline_id) VALUES
(5, '2012-09-19', 'гимнастика1', 'гимнастика1', 1, 0, 4, 154),
(6, '2012-09-20', 'гимнастика2', 'гимнастика2', 1, 0, 3, 154),
(7, '2012-09-20', 'гимнастика3', 'гимнастика3', 1, 0, 1, 154),
(8, '2012-09-29', 'Аттестация', '', 1, 1, NULL, 154),
(9, '2012-09-19', 'Тема1', 'Тема1', 1, 0, 1, 154),
(10, '2012-09-27', 'Тема2', 'Тема2', 1, 0, 1, 154),
(11, '2012-09-29', 'Тема3', 'Тема3', 1, 0, 1, 154),
(13, '2012-10-03', 'Диагностическое тестирование', '', 19, 0, 1, 95),
(14, '2012-10-05', 'Проблемы молодежи', '', 19, 0, 1, 95),
(15, '2012-10-10', 'Молодежные движения в мире', '', 19, 0, 1, 95),
(16, '2012-10-12', 'Климат и погода', '', 19, 0, 1, 95),
(17, '2012-10-17', 'Экологическая обстановка в мире', '', 19, 0, 1, 95),
(18, '2012-10-19', 'Природные бедствия и катастрофы', '', 19, 0, 1, 95),
(19, '2012-10-22', 'Образование в России и за рубежом', '', 19, 0, 1, 95),
(20, '2012-10-26', 'Образование в России и за рубежом', '', 19, 0, 1, 95),
(21, '2012-10-30', 'Обучение в педагогическом колледже', '', 19, 0, 1, 95),
(22, '2012-09-28', 'Повторение и обобщение материала первого курса', '', 19, 0, 1, 95),
(32, '2012-11-02', 'Термины, принятые в студенческой среде', '', 19, 0, 1, 95),
(33, '2012-11-07', 'Образование в Великобритании', '', 19, 0, 1, 95),
(34, '2012-11-09', 'Образование в США', '', 19, 0, 1, 95),
(35, '2012-11-14', 'Профессии. особенности профессий. Проблема выбора', '', 19, 0, 1, 95),
(36, '2012-11-16', 'Профессиональные обязанности, деловые отношения', '', 19, 0, 1, 95),
(37, '2012-11-21', 'резюме. Деловое письмо', '', 19, 0, 1, 95),
(38, '2012-11-23', 'Карьерный рост. Деловые качества.', '', 19, 0, 1, 95),
(39, '2012-11-28', 'Профессии, связанные с ИКТ', '', 19, 0, 1, 95),
(40, '2012-11-30', 'Обобщение темы ""профессии"', '', 19, 0, 1, 95),
(41, '2012-11-10', 'Аттестация', '', 19, 1, NULL, 95),
(42, '2012-12-05', 'IBM PC Architecture. Название частей компьютера', '', 19, 0, 1, 95),
(43, '2012-12-07', 'Практикум ', '', 19, 0, 1, 95),
(44, '2012-12-14', 'практикум. подготовка к зачету', '', 19, 0, 1, 95),
(45, '2012-12-19', 'Зачетное занятие', '', 19, 0, 1, 95),
(46, '2012-12-12', 'Операционные системы windows NT', '', 19, 0, 1, 95),
(47, '2012-09-07', 'ТБ на занятиях легкой атлетики', '', 19, 0, 1, 97),
(48, '2012-09-14', 'Метание мяча на дальность. Специальные базовые моментыы', '', 19, 0, 1, 97),
(49, '2012-09-21', 'Техника низкого старта', '', 19, 0, 1, 97),
(50, '2012-09-28', 'Техника высокого старта', '', 19, 0, 1, 97),
(51, '2012-10-05', 'Кроссовая подготовка', '', 19, 0, 1, 97),
(52, '2012-10-12', 'сдача контрольных нормативов', '', 19, 0, 1, 97),
(53, '2012-10-19', 'ТБ на занятиях волейбол стойки перемещения', '', 19, 0, 1, 97),
(54, '2012-10-26', 'Сов-е перем и перед м на месте и снизу вторая млдашая', '', 19, 0, 1, 97),
(55, '2012-11-02', 'Сов-е прим. и перед. второй младшей сверху', '', 19, 0, 1, 97),
(56, '2012-11-09', 'Сов-е приема и перед второй младшей снизу', '', 19, 0, 1, 97),
(57, '2012-11-16', 'Сов-е подач м нижняя прямая ', '', 19, 0, 1, 97),
(58, '2012-11-23', 'Сов-е подач м. Верхняя прямая. Нижняя ', '', 19, 0, 1, 97),
(59, '2012-11-29', 'Сов-е подач м. Перед м. Нижняя игра', '', 19, 0, 1, 97),
(60, '2012-11-11', 'Аттестация', '', 19, 1, NULL, 97),
(61, '2012-12-07', 'Сов-е техники педагогич. м. ', '', 19, 0, 1, 97),
(62, '2012-12-14', 'Тренировка игра. Контроль техники подачи мяча. Нижний пр.', '', 19, 0, 1, 97),
(63, '2012-12-21', 'Зачётное занятие', '', 19, 0, 1, 97),
(64, '2012-09-06', 'Предикат, его область определения. Логические и квантовые операции. Пред-я формулы.', 'СРС№1', 19, 0, 1, 136),
(65, '2012-09-20', 'Отрицание предикатов с кванторами. Формулировка педложений. Следование и равносильность.', 'СРС№2', 19, 0, 1, 136),
(66, '2012-09-27', 'Логическое значение высказываний, область интивности предикатов.', 'СРС№2', 19, 0, 1, 136),
(67, '2012-10-04', 'Бинарное отношение, примеры. Диаграммы бинарных отношений.', 'СРС №3', 19, 0, 1, 136),
(69, '2012-10-18', 'Исследование бинарных отношений на свойства, выделение классов эквивалентности.', 'СРС № 4', 19, 0, 1, 136),
(70, '2012-10-25', 'Отображения , способы задания. Взаимооднозначные отображения.Композиция. Теорема обращения.', 'СРС № 5', 19, 0, 1, 136),
(71, '2012-10-11', 'Аттестация', '', 19, 1, NULL, 136),
(72, '2012-11-01', 'Диаграммы отображения, заданного на конечном множестве циклы. Теорема о разбиении в д. отображения на циклы.', 'СРС №5', 19, 0, 1, 136),
(73, '2012-11-08', 'Выполнение операции композиции (подстановок) отображений, запись обратного отображения.', '', 19, 0, 1, 136),
(74, '2012-11-15', 'Степень, порядок, четность подстановок. Понятие подстановки. Произведение подстановок.', 'СРС №6', 19, 0, 1, 136),
(75, '2012-11-22', 'Степень, порядок, четность подстановок.', '', 19, 0, 1, 136),
(76, '2012-11-29', 'Запись циклического размножения подстановок, выполнение операций, определение порядка.', 'СРС №7', 19, 0, 1, 136),
(77, '2012-11-09', 'Аттестация', '', 19, 1, NULL, 136),
(78, '2012-12-06', 'Понятие вычита по модулю. Операции над вычетами.', 'СРС №8', 19, 0, 1, 136),
(79, '2012-12-13', 'Контрольная работа за семестр', '', 19, 0, 1, 136),
(80, '2012-12-20', 'Обратимые вычеты. Решение уравнений вида ax + b = c', '', 19, 0, 1, 136),
(82, '2012-09-06', 'Понятие стандарта.', 'Составить глоссарий "Документационное обеспечение управления"', 19, 0, 1, 255),
(83, '2012-09-08', 'Истоки и становление мир. стандартиз.', '', 19, 0, 1, 255),
(84, '2012-09-20', 'Международные классификации информ.', '', 19, 0, 1, 255),
(85, '2012-09-22', 'Международные классификации информ.', 'Таблица "Нормативное сопровождение ДОУ"', 19, 0, 1, 255),
(86, '2012-09-27', 'Понятие и сущность унификации', '', 19, 0, 1, 255),
(87, '2012-10-04', 'Нормативные методы. База, унификация', '', 19, 0, 1, 255),
(88, '2012-10-06', 'Разработка униф. систем документации', 'Доклады по теме "Унификация"', 19, 0, 1, 255),
(89, '2012-10-18', 'Разработка униф. систем документации', '', 19, 0, 1, 255),
(90, '2012-10-20', 'Внедрение унификационной системы документации.', 'Таблица, униф. система документации', 19, 0, 1, 255),
(91, '2012-10-25', 'Внедрение унификационной системы документации.', '', 19, 0, 1, 255),
(92, '2012-10-08', 'Аттестация', '', 19, 1, NULL, 255),
(93, '2012-11-01', 'Современные ПК и тех. средства.', 'Составить сравнительные таблицы "Современные ЭВМ"', 19, 0, 1, 255),
(94, '2012-11-03', 'Классификация ТЭСИ', '', 19, 0, 1, 255),
(95, '2012-11-15', 'Методы кодирования ТЭСИ', '', 19, 0, 1, 255),
(96, '2012-11-18', 'Штриховое кодирование', 'Доклады по теме "Особ. штрихкода"', 19, 0, 1, 255),
(97, '2012-11-22', 'Штриховое кодирование', '', 19, 0, 1, 255),
(98, '2012-11-29', 'Единая схема классификации и кодирования', 'Доклады по ЕСКК ТЭСИ', 19, 0, 1, 255),
(99, '2012-11-08', 'Классификация ТЭСИ', 'сообщения по теме: "Современные тех. средства"', 19, 0, 1, 255),
(100, '2012-11-10', 'Аттестация', '', 19, 1, NULL, 255),
(101, '2012-12-01', 'Единая схема классификации и кодировки информации', '', 19, 0, 1, 255),
(102, '2012-12-06', 'Разработка классификаторов ТЭСИ', 'доклады по ТЭСИ', 19, 0, 1, 255),
(103, '2012-12-13', 'Внедрение классификаторов ТЭСИ', '', 19, 0, 1, 255),
(104, '2012-12-15', 'Внедрение классификаторов ТЭСИ', '', 19, 0, 1, 255),
(105, '2012-12-20', 'Подготовка к экзаменационным вопросам', '', 19, 0, 1, 255),
(106, '2012-09-05', 'История Linux и ПСПД, история Unix', '', 19, 0, 1, 138),
(107, '2012-09-19', 'Программное обеспечение для сжатия и архивирования файлов', 'Изучение программного обеспечения', 19, 0, 1, 138),
(108, '2012-09-26', 'Л.р. Настройка настольной системы с помощью графических утилит', '', 19, 0, 1, 138),
(109, '2012-10-03', 'Л.р. Запуск программ. Панель управления KDE. Получение информации', 'Процедура входа в сеть', 19, 0, 1, 138),
(110, '2012-10-10', 'Создание почтового ящика', '', 19, 0, 1, 138),
(111, '2012-10-17', 'Работа с офисными приложениями и мультимедийными технологиями', '', 19, 0, 1, 138),
(112, '2012-10-24', 'Основы работы с офисным пакетом Open Office.org', '', 19, 0, 1, 138),
(113, '2012-10-31', 'Работа в приложении Open Office Write', '', 19, 0, 1, 138),
(114, '2012-11-07', 'Работа в приложении Open Offise.org Cals', '', 19, 0, 1, 138),
(115, '2012-11-14', 'Работа в приложении Open Offise.org Impress', '', 19, 0, 1, 138),
(116, '2012-11-21', 'Работа в приложении Open Offise.org Base', '', 19, 0, 1, 138),
(117, '2012-11-28', 'Программное обеспечение для управления образовательным учреждением', '', 19, 0, 1, 138),
(118, '2012-11-12', 'Аттестация', '', 19, 1, NULL, 138),
(119, '2012-12-05', 'Организация работы учащихся и педагогического состава с использованием совр. ИТ', 'Информационные источники', 19, 0, 1, 138),
(120, '2012-12-12', 'Зачетное занятие. Основные действия с ОС Linux', '', 19, 0, 1, 138),
(121, '2012-12-19', 'Итоговое занятие', '', 19, 0, 1, 138),
(122, '2012-09-15', 'Предмет и задачи курса', '', 19, 0, 1, 298),
(123, '2012-09-21', 'Методология управления качеством', 'Система Тейлора', 19, 0, 1, 298),
(124, '2012-09-29', 'Основные понятия и определения', 'Дать определения понятиям', 19, 0, 1, 298),
(125, '2012-10-05', 'Показатели качества и характера', '', 19, 0, 1, 298),
(126, '2012-10-13', 'Классификация показателей качества', '', 19, 0, 1, 298),
(127, '2012-10-19', 'История развития систем качества', '"Пять звёзд" качество', 19, 0, 1, 298),
(128, '2012-10-27', '"Понятие качества" Дёминга. Пастулаты Фейгенбаума', 'Пастулаты Дёминга', 19, 0, 1, 298),
(129, '2012-11-02', 'Цикл Дёминга', '', 19, 0, 1, 298),
(130, '2012-11-10', 'Петля качества', 'Описать продукт по схеме', 19, 0, 1, 298),
(131, '2012-11-16', 'Содержание современных подходов к управлению качеством', '', 19, 0, 1, 298),
(132, '2012-11-24', 'Место управления качеством в общей системе менеджмента', 'Подготовить презентации', 19, 0, 1, 298),
(133, '2012-11-13', 'Аттестация', '', 19, 1, NULL, 298),
(134, '2012-12-01', 'Системы менеджмента качества', '', 19, 0, 1, 298),
(135, '2012-12-08', 'Современные системы управления качеством', 'презентации', 19, 0, 1, 298),
(136, '2012-12-14', 'Конкурентоспособность в управлении качеством', 'подготовка к зачёту', 19, 0, 1, 298),
(137, '2012-12-22', 'Зачёт', '', 19, 0, 1, 298),
(138, '2012-09-08', 'Понятие кадрового планирования', 'изучить методы кадрового планирования', 19, 0, 1, 166),
(139, '2012-09-22', 'Особенности кадрового планирования в России и зарубежных странах', '', 19, 0, 1, 166),
(140, '2012-09-24', 'Профессиографирование как методологическое основание профессиональной ориентации', 'составить конспект по видам профориентации', 19, 0, 1, 166),
(141, '2012-10-06', 'Профессиографирование в регламентации деятельности персонала', '', 19, 0, 1, 166),
(142, '2012-10-20', 'Отбор в системе управления персоналом', 'составить таблицу "Методы отбора персонала"', 19, 0, 1, 166),
(143, '2012-10-22', 'Принципы найма и отбора персонала', '', 19, 0, 1, 166),
(144, '2012-10-13', 'Аттестация', '', 19, 1, NULL, 166),
(145, '2012-11-03', 'Регламентация деятельности персонала', 'изучить форму долгин. инструкции', 19, 0, 1, 166),
(146, '2012-11-16', 'Должность в структуре управления', '', 19, 0, 1, 166),
(147, '2012-11-19', 'Система обучения и развития персонала', '', 19, 0, 1, 166),
(148, '2012-11-09', 'Аттестация', '', 19, 1, NULL, 166),
(149, '2012-12-01', 'Управление карьерой', 'Составить план личностного и карьерного развития', 19, 0, 1, 166),
(150, '2012-12-03', 'Моделирование карьерограммы', '', 19, 0, 1, 166),
(151, '2012-12-15', 'Оценка в системе управления персоналом', 'Составить кластер "Виды контроля"', 19, 0, 1, 166),
(152, '2012-12-18', 'Зачётная работа', '', 19, 0, 1, 166),
(153, '2012-09-06', 'Виды исследовательских работ', 'подготовить доклады "Открытия мира"', 19, 0, 1, 256),
(154, '2012-09-20', 'Методы исследования', '', 19, 0, 1, 256),
(155, '2012-09-27', 'Выборы темы, актуальность', 'определить тему исследования', 19, 0, 1, 256),
(156, '2012-10-04', 'Постановка цели, задач, гипотеза', '', 19, 0, 1, 256),
(157, '2012-10-18', 'Виды информации', 'составить таблицу "Источники информации"', 19, 0, 1, 256),
(158, '2012-10-25', 'Источники информации', '', 19, 0, 1, 256),
(159, '2012-10-11', 'Аттестация', '', 19, 1, NULL, 256),
(160, '2012-11-01', 'Основные методы исследовательской деятельности', 'Составить схему "Исследовательский процесс"', 19, 0, 1, 256),
(161, '2012-11-08', 'Основные этапе исследовательского процесса', '', 19, 0, 1, 256),
(162, '2012-11-15', 'Планирование и организация исследовательской деятельности', 'Составить план исследовательской деятельности', 19, 0, 1, 256),
(163, '2012-11-22', 'Способы представления результатов ИД', '', 19, 0, 1, 256),
(164, '2012-11-29', 'Правила оформления учащимися исследовательской работы', 'Таблица "Носители информации"', 19, 0, 1, 256),
(165, '2012-11-12', 'Аттестация', '', 19, 1, NULL, 256),
(166, '2012-12-06', 'Подготовка к защите уч. исследоват. работы', '', 19, 0, 1, 256),
(167, '2012-12-13', 'Патентный поиск', 'Доклад по теме "Потент"', 19, 0, 1, 256),
(168, '2012-12-20', 'Зачётная работа', 'Подготовка к зачёту', 19, 0, 1, 256),
(169, '2012-09-28', 'Изобр. и открытия. Российские ученые', 'подготовить доклады "Научные деятели"', 19, 0, 1, 256),
(170, '2012-10-26', 'Эмпирические методы исследования', 'Подготовить таблицу "Эмпирические методы исследования"', 19, 0, 1, 256),
(172, '2012-11-09', 'Правила создания анкеты', 'конспект "Правила анкетирования"', 19, 0, 1, 256),
(173, '2012-11-23', 'Правила формулирования гипотезы', 'Сформулировать гипотезу по теме исследования', 19, 0, 1, 256),
(175, '2012-12-07', 'Требования к докладу', 'Подготовить доклад', 19, 0, 1, 256),
(176, '2012-12-21', 'Принципы органы прав изобретат.', 'Доклад "Лицензионный договор"', 19, 0, 1, 256);

-- 
-- Вывод данных для таблицы lessons_types
--
INSERT INTO lessons_types(lessons_type_id, title) VALUES
(1, 'Лабораторная работа'),
(3, 'Контрольная работа'),
(4, 'Практическая работа'),
(5, 'Лекция');

-- 
-- Вывод данных для таблицы nagr
--

-- Таблица journal.nagr не содержит данных

-- 
-- Вывод данных для таблицы prepods
--
INSERT INTO prepods(prepod_id, surname, name, patronymic, login, pass) VALUES
(104, 'Арзамасцева', 'Ольга', 'Васильевна', 'qwerty', x'717765727479'),
(105, 'Банников', 'Евгений', 'Валерьевич', 'qwerty', x'717765727479'),
(106, 'Банникова', 'Наталья', 'Владимировна', 'qwerty', x'717765727479'),
(107, 'Банцов', 'Иван', 'Геннадьевич', 'qwerty', x'717765727479'),
(108, 'Бережная', 'Елена', 'Анатольевна', 'qwerty', x'717765727479'),
(109, 'Бусыгина', 'Ирина', 'Валерьевна', 'qwerty', x'717765727479'),
(110, 'Ведерникова', 'Ирина', 'Петровна', 'qwerty', x'717765727479'),
(111, 'Гаврилова', 'Анна', 'Юрьевна', 'qwerty', x'717765727479'),
(112, 'Гирько', 'Елена', 'Александровна', 'qwerty', x'717765727479'),
(113, 'Годунова', 'Варвара', 'Ивановна', 'qwerty', x'717765727479'),
(115, 'Грибанова', 'Юлия', 'Анатольевна', 'qwerty', x'717765727479'),
(116, 'Гурская', 'Оксана', 'Викторовна', 'qwerty', x'717765727479'),
(117, 'Демина', 'Ольга', 'Викторовна', 'qwerty', x'717765727479'),
(118, 'Дмитриева', 'Елена', 'Игоревна', 'qwerty', x'717765727479'),
(119, 'Добрынина', 'Валентина', 'Ивановна', 'qwerty', x'717765727479'),
(120, 'Дорошенко', 'Наталья', 'Владимировна', 'qwerty', x'717765727479'),
(121, 'Дубенкова', 'Наталья', 'Николаевна', 'qwerty', x'717765727479'),
(122, 'Дудка', 'Татьяна', 'Юрьевна', 'qwerty', x'717765727479'),
(123, 'Дятлова И.Г.', '', ' ', 'qwerty', x'717765727479'),
(124, 'Емельянов', 'Алексей', 'Сергеевич', 'qwerty', x'717765727479'),
(125, 'Зюзляева', 'Нина', 'Павловна', 'qwerty', x'717765727479'),
(126, 'Исупова', 'Наталья', 'Трофимовна', 'qwerty', x'717765727479'),
(127, 'Казначеева', 'Марина', 'Владимировна', 'qwerty', x'717765727479'),
(128, 'Карпова', 'Татьяна', 'Васильевна', 'qwerty', x'717765727479'),
(129, 'Кибирева', 'Ольга', 'Николаевна', 'qwerty', x'717765727479'),
(130, 'Кондратьева', 'Людмила', 'Яковлевна', 'qwerty', x'717765727479'),
(131, 'Коновалова', 'Мария', 'Иннокентьевна', 'qwerty', x'717765727479'),
(132, 'Копейчук', 'Елена', 'Петровна', 'qwerty', x'717765727479'),
(133, 'Копейчук', 'Наталья', 'Петровна', 'qwerty', x'717765727479'),
(134, 'Корская', 'Лариса', 'Александровна', 'qwerty', x'717765727479'),
(135, 'Крыжнёва', 'Наталья', 'Викторовна', 'qwerty', x'717765727479'),
(137, 'Кучменко', 'Наталья', 'Александровна', 'qwerty', x'717765727479'),
(138, 'Кучменко', 'Александр', 'Иванович', 'qwerty', x'717765727479'),
(139, 'Лисовская', 'Татьяна', 'Николаевна', 'qwerty', x'717765727479'),
(140, 'Ляпина', 'Анжелика', 'Александровна', 'qwerty', x'717765727479'),
(141, 'Матвеева', 'Елена', 'Федоровна', 'qwerty', x'717765727479'),
(142, 'Мешкова', 'Любовь', 'Федоровна', 'qwerty', x'717765727479'),
(143, 'Молчанова', 'Татьяна', 'Александровна', 'qwerty', x'717765727479'),
(144, 'Мурзина', 'Ирина', 'Владимировна', 'qwerty', x'717765727479'),
(145, 'Мяновская', 'Лариса', 'Анатольевна', 'qwerty', x'717765727479'),
(146, 'Никитина', 'Галина', 'Викторовна', 'qwerty', x'717765727479'),
(147, 'Ознобихина', 'Екатерина', 'Васильевна', 'qwerty', x'717765727479'),
(148, 'Парилова', 'Ольга', 'Ивановна', 'qwerty', x'717765727479'),
(149, 'Парфёнова  В.Д.', '', ' ', 'qwerty', x'717765727479'),
(150, 'Пастухова', 'Анастасия', 'Васильевна', 'qwerty', x'717765727479'),
(151, 'Пастухова', 'Любовь', 'Ивановна', 'qwerty', x'717765727479'),
(152, 'Петрова', 'Елена', 'Владимировна', 'qwerty', x'717765727479'),
(153, 'Полынская', 'Елена', 'Юрьевна', 'qwerty', x'717765727479'),
(154, 'Попов', 'Лев', 'Прокопьевич', 'qwerty', x'717765727479'),
(155, 'Попова', 'Лариса', 'Михайловна', 'qwerty', x'717765727479'),
(156, 'Проничева', 'Светлана', 'Валентиновна', 'qwerty', x'717765727479'),
(157, 'Пунгина', 'Елена', 'Рафаиловна', 'qwerty', x'717765727479'),
(158, 'Савин', 'Вячеслав', 'Владимирович', 'qwerty', x'717765727479'),
(159, 'Савченко', 'Ксения', 'Сергеевна', 'qwerty', x'717765727479'),
(160, 'Самылкина', 'Наталья', 'Владимировна', 'qwerty', x'717765727479'),
(162, 'Синица', 'Людмила', 'Петровна', 'qwerty', x'717765727479'),
(163, 'Слепцова', 'Наталья', 'Александровна', 'qwerty', x'717765727479'),
(164, 'Сорокин', 'Артем', 'Георгиевич', 'qwerty', x'717765727479'),
(165, 'Тараканова', 'Татьяна', 'Михайловна', 'qwerty', x'717765727479'),
(166, 'Темникова', 'Людмила', 'Александровна', 'qwerty', x'717765727479'),
(168, 'Трофимова', 'Вера', 'Владимировна', 'qwerty', x'717765727479'),
(169, 'Уколова', 'Елена', 'Владимировна', 'qwerty', x'717765727479'),
(170, 'Чавкина', 'Ирина', 'Ивановна', 'qwerty', x'717765727479'),
(171, 'Черепанов', 'Владимир', 'Петрович', 'qwerty', x'717765727479'),
(173, 'Клочихина', 'Оксана', 'Сергеевна', 'qwerty', x'717765727479'),
(174, 'Арзунян', 'Татьяна', 'Гагиковна', 'qwerty', x'717765727479'),
(175, 'Банцова М.Г.', '', ' ', 'qwerty', x'717765727479'),
(177, 'Левская', 'Елена', 'Юрьевна', 'qwerty', x'717765727479'),
(178, 'Соловьева О.В.', '', ' ', 'qwerty', x'717765727479'),
(179, 'Гофман', 'Галина', 'Александровна', 'qwerty', x'717765727479'),
(180, 'Маменко', 'Наталья', 'Григорьевна', 'qwerty', x'717765727479'),
(181, 'Медкова', 'Ирина', 'Александровна', 'qwerty', x'717765727479'),
(182, 'Парилов', 'Максим', 'Алексеевич', 'qwerty', x'717765727479'),
(186, 'Сумкин', 'Данил', 'Сергеевич', 'qwerty', x'717765727479'),
(187, 'Пашинская Г.П.', '', ' ', 'qwerty', x'717765727479'),
(188, 'Николаенко', 'Юлия', 'Петровна', 'qwerty', x'717765727479'),
(191, 'Ширшак', 'Елена', 'Николаевна', 'qwerty', x'717765727479'),
(192, 'Сманцер', 'Мария', 'Ивановна', 'qwerty', x'717765727479'),
(193, 'Ильчук', 'Екатерина', 'Александровна', 'qwerty', x'717765727479'),
(194, 'Воронина Н.В.', '', ' ', 'qwerty', x'717765727479'),
(195, 'Аксютина', 'Е.Г.', '', 'qwerty', x'717765727479'),
(198, 'Афанасьева', 'Мария', 'Ильинична', 'qwerty', x'717765727479'),
(203, 'Бережная', 'Елена', 'Анатольевна', 'qwerty', x'717765727479'),
(206, 'Галак', 'Надежда', 'Александровна', 'qwerty', x'717765727479'),
(207, 'Гурбатов', 'Артур', 'Васильевич', 'qwerty', x'717765727479'),
(210, 'Кашникова', 'Наталья', 'Фёдоровна', 'qwerty', x'717765727479'),
(213, 'Кривцова', 'Лариса', 'Петровна', 'qwerty', x'717765727479'),
(214, 'Куставинов', 'Вячеслав', 'Михайлович', 'qwerty', x'717765727479'),
(216, 'Мануйлова', 'Татьяна', 'Петровна', 'qwerty', x'717765727479'),
(218, 'Попова', 'Ирина', 'Викторовна', 'qwerty', x'717765727479'),
(219, 'Селедцов', 'Геннадий', 'Сергеевич', 'qwerty', x'717765727479'),
(220, 'Семёнова', 'Ольга', 'Васильевна', 'qwerty', x'717765727479'),
(221, 'Сизова', 'Наталья', 'Михайловна', 'qwerty', x'717765727479'),
(222, 'Скопцов', 'Олег', 'Николаевич', 'qwerty', x'717765727479'),
(224, 'Тетюхин', '', 'А.С.', 'qwerty', x'717765727479'),
(225, 'Трусова', 'Алена', 'Владимировна', 'qwerty', x'717765727479'),
(226, 'Урюпина', 'Ирина', 'Анатольевна', 'qwerty', x'717765727479'),
(227, 'Чичигина', 'Ольга', 'Владимировна', 'qwerty', x'717765727479'),
(228, 'Шаранда', '', 'Л.В.', 'qwerty', x'717765727479'),
(230, 'Шишкина', 'Татьяна', 'Георгиевна', 'qwerty', x'717765727479'),
(231, 'Аносова', 'Нина', 'Геннадьевна', NULL, NULL),
(232, 'Мартусенко', 'Зоя', 'Алексеевна', NULL, NULL),
(233, 'Шурпаева', 'Галина', 'Александровна', NULL, NULL),
(234, 'Бердяева', 'Людмила', 'Александровна', NULL, NULL),
(235, 'Иванова', 'Анна', 'Анатольевна', NULL, NULL),
(236, 'Карпова', 'Елена', 'Геннадьевна', NULL, NULL),
(237, 'Костылева', 'Юлия', 'Петровна', NULL, NULL);

-- 
-- Вывод данных для таблицы prepods_lessons
--

-- Таблица journal.prepods_lessons не содержит данных

-- 
-- Вывод данных для таблицы rup
--

-- Таблица journal.rup не содержит данных

-- 
-- Вывод данных для таблицы specs
--
INSERT INTO specs(spec_id, kod_spec, title) VALUES
(1, '', 'Преподавание в начальных классах'),
(2, '', 'Дошкольное образование'),
(3, '', 'Физическая культура'),
(4, '', 'Дошк. образование/Информатика'),
(5, '', 'Социальная педагогика'),
(6, '', 'Реклама'),
(7, '', 'Релейная защита и автоматизация электроэнергетических систем'),
(8, '', 'Экономика и бухгалтерский учет (по отраслям)'),
(9, '', 'Прикладная информатика (по отраслям)'),
(10, '', 'Профильный класс (база 9 классов)'),
(11, '', 'Прикладная информатика в образовании'),
(12, '', 'Профильный класс (с углубл. изучением англ. яз.)'),
(13, '', 'Документац. обеспечение управления и архивоведение'),
(14, '', 'Информатика'),
(15, '', 'Педагогика доп. образования в обл. хореографии'),
(16, '', 'Педагогика доп. образования в обл. изодеятельности'),
(17, '', 'Документационное обеспечение управления и архивоведение'),
(18, '', 'Педагогика дополнительного образования'),
(19, '', 'Преподавание в нач. кл./Физ. культура');

-- 
-- Вывод данных для таблицы students
--

-- Таблица journal.students не содержит данных

-- 
-- Вывод данных для таблицы subgroup_kontingent
--

-- Таблица journal.subgroup_kontingent не содержит данных

-- 
-- Вывод данных для таблицы subgroups
--
INSERT INTO subgroups(subgroup_id, group_id, subgroup_number, discipline_id) VALUES
(1, 1, '1', 154),
(2, 1, '2', 154),
(3, 1, '1', 95),
(5, 1, '1', 87),
(6, 19, '1', 256),
(7, 19, '2', 256);

-- 
-- Вывод данных для таблицы users
--
INSERT INTO users(user_id, login, user_role, pass) VALUES
(60, 'admin', 'SA', x'0520C9EF2FCA4AF2174FA535C3E51B7F'),
(64, 'Малейкина Е.', 'A', x'3948B8F3DBC8291BA89747144E68EBF1'),
(65, 'Пастухова Г.', 'A', x'6FC0FADB06069176B577B1FB63C93384C9FA4CCECB1DBD552E498D4E74184959'),
(66, 'Медиатека', 'A', x'908CF5455125C942C4E9FC8A442B1025C9FA4CCECB1DBD552E498D4E74184959'),
(67, 'Приемная к', 'A', x'E266E7CCE4DCF4C999B0179080333FB4');

-- 
-- Включение внешних ключей
-- 
/*!40014 SET FOREIGN_KEY_CHECKS=@OLD_FOREIGN_KEY_CHECKS */;